title,description,price,category,condition,quantity,format,duration,shipping_profile,return_profile,payment_profile
60W USB-C Ladekabel 2m Schnellladen Datenkabel,"Typ: USB-C Ladekabel
Leistung: 60W + Schnellladen
Länge: 2m
Zuverlässige Qualität für hohe Kompatibilität.
✔ Schnellladen
✔ Hohe Qualität
✔ Kompatibel mit vielen Geräten",7.99,Kabel & Adapter,New,1,FixedPrice,GTC,,,
60W USB-C Ladekabel 2m Schnellladen Datenkabel,"Typ: USB-C Ladekabel
Leistung: 60W + Schnellladen
Länge: 2m
Zuverlässige Qualität für hohe Kompatibilität.
✔ Schnellladen
✔ Hohe Qualität
✔ Kompatibel mit vielen Geräten",7.99,Kabel & Adapter,New,1,FixedPrice,GTC,,,
60W USB-C Ladekabel 1m Schnellladen Datenkabel,"Typ: USB-C Ladekabel
Leistung: 60W + Schnellladen
Länge: 1m
Zuverlässige Qualität für hohe Kompatibilität.
✔ Schnellladen
✔ Hohe Qualität
✔ Kompatibel mit vielen Geräten",7.99,Kabel & Adapter,New,1,FixedPrice,GTC,,,
60W USB-C Ladekabel 2m Schnellladen Datenkabel,"Typ: USB-C Ladekabel
Leistung: 60W + Schnellladen
Länge: 2m
Zuverlässige Qualität für hohe Kompatibilität.
✔ Schnellladen
✔ Hohe Qualität
✔ Kompatibel mit vielen Geräten",7.99,Kabel & Adapter,New,1,FixedPrice,GTC,,,
67W USB-C Ladegerät Schnellladen Netzteil,"Typ: USB-C Ladegerät
Leistung: 67W + Schnellladen
Hinweis: Ladegerät, Kabel kann als Zubehör enthalten sein.
Länge: 2m
Zuverlässige Qualität für hohe Kompatibilität.
✔ Schnellladen
✔ Hohe Qualität
✔ Kompatibel mit vielen Geräten",7.99,Ladegeräte,New,1,FixedPrice,GTC,,,
60W USB-C Ladekabel 2m Schnellladen Datenkabel,"Typ: USB-C Ladekabel
Leistung: 60W + Schnellladen
Länge: 2m
Zuverlässige Qualität für hohe Kompatibilität.
✔ Schnellladen
✔ Hohe Qualität
✔ Kompatibel mit vielen Geräten",7.99,Kabel & Adapter,New,1,FixedPrice,GTC,,,
60W USB-C Ladekabel 2m Schnellladen Datenkabel,"Typ: USB-C Ladekabel
Leistung: 60W + Schnellladen
Länge: 2m
Zuverlässige Qualität für hohe Kompatibilität.
✔ Schnellladen
✔ Hohe Qualität
✔ Kompatibel mit vielen Geräten",9.99,Kabel & Adapter,New,1,FixedPrice,GTC,,,
67W USB-C Ladegerät Schnellladen Netzteil,"Typ: USB-C Ladegerät
Leistung: 67W + Schnellladen
Hinweis: Ladegerät, Kabel kann als Zubehör enthalten sein.
Länge: 1m
Zuverlässige Qualität für hohe Kompatibilität.
✔ Schnellladen
✔ Hohe Qualität
✔ Kompatibel mit vielen Geräten",9.99,Ladegeräte,New,1,FixedPrice,GTC,,,
60W USB-C Ladekabel 2m Schnellladen Datenkabel,"Typ: USB-C Ladekabel
Leistung: 60W + Schnellladen
Länge: 2m
Zuverlässige Qualität für hohe Kompatibilität.
✔ Schnellladen
✔ Hohe Qualität
✔ Kompatibel mit vielen Geräten",9.99,Kabel & Adapter,New,1,FixedPrice,GTC,,,
67W USB-C Ladegerät Schnellladen Netzteil Schnellladegerät,"Typ: USB-C Ladegerät
Leistung: 67W + Schnellladen
Hinweis: Ladegerät, Kabel kann als Zubehör enthalten sein.
Länge: 2m
Zuverlässige Qualität für hohe Kompatibilität.
✔ Schnellladen
✔ Hohe Qualität
✔ Kompatibel mit vielen Geräten",9.99,Ladegeräte,New,1,FixedPrice,GTC,,,
60W USB-C Ladekabel 2m Schnellladen Datenkabel Schnellladekabel,"Typ: USB-C Ladekabel
Leistung: 60W + Schnellladen
Länge: 2m
Zuverlässige Qualität für hohe Kompatibilität.
✔ Schnellladen
✔ Hohe Qualität
✔ Kompatibel mit vielen Geräten",9.99,Kabel & Adapter,New,1,FixedPrice,GTC,,,
60W USB-C Ladekabel 2m Schnellladen Datenkabel,"Typ: USB-C Ladekabel
Leistung: 60W + Schnellladen
Länge: 2m
Zuverlässige Qualität für hohe Kompatibilität.
✔ Schnellladen
✔ Hohe Qualität
✔ Kompatibel mit vielen Geräten",9.99,Kabel & Adapter,New,1,FixedPrice,GTC,,,
67W USB-C Ladegerät Schnellladen Netzteil,"Typ: USB-C Ladegerät
Leistung: 67W + Schnellladen
Hinweis: Ladegerät, Kabel kann als Zubehör enthalten sein.
Länge: 2m
Zuverlässige Qualität für hohe Kompatibilität.
✔ Schnellladen
✔ Hohe Qualität
✔ Kompatibel mit vielen Geräten",9.99,Ladegeräte,New,1,FixedPrice,GTC,,,
60W USB-C Ladekabel 2m Schnellladen Datenkabel,"Typ: USB-C Ladekabel
Leistung: 60W + Schnellladen
Länge: 2m
Zuverlässige Qualität für hohe Kompatibilität.
✔ Schnellladen
✔ Hohe Qualität
✔ Kompatibel mit vielen Geräten",9.99,Kabel & Adapter,New,1,FixedPrice,GTC,,,
10W Zubehör Schnellladen Datenkabel,"Typ: Zubehör
Leistung: 10W + Schnellladen
Länge: 1m
Zuverlässige Qualität für hohe Kompatibilität.
✔ Schnellladen
✔ Hohe Qualität
✔ Kompatibel mit vielen Geräten",5.99,Handy-Zubehör,New,1,FixedPrice,GTC,,,
10W Zubehör Schnellladen Datenkabel,"Typ: Zubehör
Leistung: 10W + Schnellladen
Länge: 1m
Zuverlässige Qualität für hohe Kompatibilität.
✔ Schnellladen
✔ Hohe Qualität
✔ Kompatibel mit vielen Geräten",5.99,Handy-Zubehör,New,1,FixedPrice,GTC,,,
10W USB-C Ladekabel 1m Schnellladen Datenkabel,"Typ: USB-C Ladekabel
Leistung: 10W + Schnellladen
Länge: 1m
Zuverlässige Qualität für hohe Kompatibilität.
✔ Schnellladen
✔ Hohe Qualität
✔ Kompatibel mit vielen Geräten",5.99,Kabel & Adapter,New,1,FixedPrice,GTC,,,
10W USB-C Ladekabel 1m Schnellladen Datenkabel,"Typ: USB-C Ladekabel
Leistung: 10W + Schnellladen
Länge: 1m
Zuverlässige Qualität für hohe Kompatibilität.
✔ Schnellladen
✔ Hohe Qualität
✔ Kompatibel mit vielen Geräten",5.99,Kabel & Adapter,New,1,FixedPrice,GTC,,,
60W USB-C Ladekabel 2m Schnellladen Datenkabel,"Typ: USB-C Ladekabel
Leistung: 60W + Schnellladen
Länge: 2m
Zuverlässige Qualität für hohe Kompatibilität.
✔ Schnellladen
✔ Hohe Qualität
✔ Kompatibel mit vielen Geräten",9.99,Kabel & Adapter,New,1,FixedPrice,GTC,,,
67W USB-C Ladegerät Schnellladen Netzteil,"Typ: USB-C Ladegerät
Leistung: 67W + Schnellladen
Hinweis: Ladegerät, Kabel kann als Zubehör enthalten sein.
Länge: 2m
Zuverlässige Qualität für hohe Kompatibilität.
✔ Schnellladen
✔ Hohe Qualität
✔ Kompatibel mit vielen Geräten",9.99,Ladegeräte,New,1,FixedPrice,GTC,,,
67W USB-C Ladegerät Schnellladen Netzteil,"Typ: USB-C Ladegerät
Leistung: 67W + Schnellladen
Hinweis: Ladegerät, Kabel kann als Zubehör enthalten sein.
Länge: 2m
Zuverlässige Qualität für hohe Kompatibilität.
✔ Schnellladen
✔ Hohe Qualität
✔ Kompatibel mit vielen Geräten",9.99,Ladegeräte,New,1,FixedPrice,GTC,,,
60W USB-C Ladekabel 2m Schnellladen Datenkabel,"Typ: USB-C Ladekabel
Leistung: 60W + Schnellladen
Länge: 2m
Zuverlässige Qualität für hohe Kompatibilität.
✔ Schnellladen
✔ Hohe Qualität
✔ Kompatibel mit vielen Geräten",9.99,Kabel & Adapter,New,1,FixedPrice,GTC,,,
67W USB-C Ladegerät Schnellladen Netzteil,"Typ: USB-C Ladegerät
Leistung: 67W + Schnellladen
Hinweis: Ladegerät, Kabel kann als Zubehör enthalten sein.
Länge: 2m
Zuverlässige Qualität für hohe Kompatibilität.
✔ Schnellladen
✔ Hohe Qualität
✔ Kompatibel mit vielen Geräten",9.99,Ladegeräte,New,1,FixedPrice,GTC,,,
